feature_ID	captured_region_size_bp	median_feature_CN	max_feature_CN
ESO26_amplicon1_BFB_1	2532421	5.031071353700711	5.031071353700711
ESO26_amplicon2_BFB_1	2020004	5.388892778949169	5.388892778949169
ESO26_amplicon3_Complex non-cyclic_1	3514631	5.694690609435769	6.134792395860982
ESO26_amplicon4_BFB_1	6421715	6.820153734381607	9.299053003212622
ESO26_amplicon5_BFB_1	1003433	19.823465755462504	46.835720558828456
