sample	amplicon	feature	total_feature_entropy	decomp_entropy	Amp_nseg_entropy
ESO26	amplicon1	BFB_1	3.483711219429696	0.998804569641696	2.4849066497880004
ESO26	amplicon2	BFB_1	2.1852613709925306	0.5758234585584305	1.6094379124341003
ESO26	amplicon3	Complex non-cyclic_1	4.856668840562224	1.4554714589000688	3.4011973816621555
ESO26	amplicon4	BFB_1	4.330030581685209	0.9627347516987355	3.367295829986474
ESO26	amplicon5	BFB_1	4.488017954128582	1.192181088124252	3.295836866004329
