feature_ID	captured_region_size_bp	median_feature_CN	max_feature_CN
FLO-1_amplicon1_Complex non-cyclic_1	3951464	5.591770354012752	7.706659521085718
FLO-1_amplicon2_Linear amplification_1	134998	4.830316972518912	4.830316972518913
FLO-1_amplicon3_ecDNA_1	154133	4.875774655726435	4.875774655726435
FLO-1_amplicon4_ecDNA_1	240327	5.397767327946513	5.397767327946513
