sample	amplicon	feature	total_feature_entropy	decomp_entropy	Amp_nseg_entropy
OE33	amplicon1	ecDNA_1	3.126316686206887	0.23594492831072203	2.890371757896165
OE33	amplicon2	Linear amplification_1	0.0	0	-0.0
OE33	amplicon3	ecDNA_1	1.355663202434733	0.2570509137666233	1.0986122886681098
OE33	amplicon4	BFB_1	4.7104817787207445	1.4523852406992628	3.258096538021482
