sample	amplicon	feature	total_feature_entropy	decomp_entropy	Amp_nseg_entropy
ESO51	amplicon1	Complex non-cyclic_1	4.509274205009463	1.2134373390051345	3.295836866004329
ESO51	amplicon2	Linear amplification_1	2.243489435118423	0.6340515226843226	1.6094379124341003
ESO51	amplicon3	Complex non-cyclic_1	5.514831699002321	1.602808693574175	3.912023005428146
ESO51	amplicon4	ecDNA_1	1.9027709845100196	0.29333307207591924	1.6094379124341003
ESO51	amplicon5	Complex non-cyclic_1	5.726298330649414	1.8344780325387875	3.891820298110627
ESO51	amplicon6	BFB_1	3.620458542252437	1.1355518924644366	2.4849066497880004
ESO51	amplicon7	Linear amplification_1	1.057354550258623	0.36420736969867773	0.6931471805599453
ESO51	amplicon8	ecDNA_1	2.6579746947914518	0.3553896017974065	2.3025850929940455
