feature_ID	captured_region_size_bp	median_feature_CN	max_feature_CN
OE33_amplicon1_ecDNA_1	7047267	11.311169844207724	13.244657309188234
OE33_amplicon2_Linear amplification_1	55001	5.778905917961555	5.778905917961555
OE33_amplicon3_ecDNA_1	666871	7.463150516274534	7.463150516274534
OE33_amplicon4_BFB_1	2339962	12.700890829711831	39.00133759443365
